{
    "Day01Spec": 22.400922,
    "Day02Spec": 186.326814,
    "Day03Spec": 228.202533,
    "Day04Spec": 455.717237,
    "Day05Spec": 122.228746,
    "Day06Spec": 3983.470035,
    "Day07Spec": 1358.041316,
    "Day08Spec": 25.837003,
    "Day09Spec": 337.559561,
    "Day10Spec": 45.07569,
    "Day11Spec": 1837.626557,
    "Day12Spec": 1462.706012,
    "Day13Spec": 13.057922000000001,
    "Day14Spec": 3486.154974,
    "Day15Spec": 93.291676,
    "Day16Spec": 766.60338,
    "Day17Spec": 2.4896e-2,
    "Day18Spec": 659.7659289999999,
    "Day19Spec": 3206.7146409999996,
    "Day20Spec": 5731.338658000001,
    "_all": 24022.144502
}