{
    "Day01Spec": 41.510439000000005,
    "Day02Spec": 88.284136,
    "Day03Spec": 220.439161,
    "Day04Spec": 332.00133600000004,
    "Day05Spec": 121.240246,
    "Day06Spec": 3155.602317,
    "Day07Spec": 1011.537197,
    "Day08Spec": 33.655731,
    "Day09Spec": 404.043405,
    "Day10Spec": 41.034971999999996,
    "Day11Spec": 1345.711022,
    "Day12Spec": 1046.371615,
    "Day13Spec": 12070.406408,
    "_all": 19911.837985
}