{
    "Day01Spec": 33.788733,
    "Day02Spec": 38.718731,
    "Day03Spec": 112.780359,
    "Day04Spec": 209.941458,
    "Day05Spec": 61.832950000000004,
    "Day06Spec": 1307.418485,
    "Day07Spec": 336.435099,
    "Day08Spec": 14.298669,
    "Day09Spec": 115.19064599999999,
    "Day10Spec": 31.353265999999998,
    "Day11Spec": 545.099635,
    "Day12Spec": 560.0448779999999,
    "_all": 3366.9029089999995
}