{
    "Day01Spec": 14.390502999999999,
    "Day02Spec": 99.707806,
    "Day03Spec": 105.79482999999999,
    "Day04Spec": 203.458054,
    "Day05Spec": 68.027735,
    "Day06Spec": 1907.128803,
    "Day07Spec": 470.548489,
    "Day08Spec": 12.354144999999999,
    "Day09Spec": 202.76121,
    "Day10Spec": 17.647606,
    "Day12Spec": 572.162975,
    "_all": 3673.982156
}