{
    "Day01Spec": 12.611207,
    "_all": 12.611207
}