{
    "Day01Spec": 15.238291,
    "Day02Spec": 31.427263,
    "Day03Spec": 25.090369,
    "Day04Spec": 220.89433499999998,
    "_all": 292.650258
}