{
    "Day01Spec": 19.911819,
    "Day02Spec": 79.184381,
    "Day03Spec": 96.396106,
    "Day04Spec": 159.631499,
    "Day05Spec": 83.04168200000001,
    "Day06Spec": 2288.2697080000003,
    "Day07Spec": 492.30095400000005,
    "Day08Spec": 5.317681,
    "Day09Spec": 4695.145538,
    "_all": 7919.199368
}