{
    "Day01Spec": 20.258646,
    "Day02Spec": 82.528544,
    "Day03Spec": 168.100638,
    "Day04Spec": 490.455563,
    "Day05Spec": 225.690666,
    "Day06Spec": 8892.516713,
    "Day07Spec": 1720.1157680000001,
    "Day08Spec": 23.069449,
    "Day09Spec": 376.63235299999997,
    "Day10Spec": 24.793285,
    "Day11Spec": 2808.0349690000003,
    "Day12Spec": 1627.193742,
    "Day13Spec": 21.197669,
    "Day14Spec": 6655.821888,
    "Day15Spec": 85.398854,
    "Day16Spec": 2578.096103,
    "Day17Spec": 59199.444182,
    "Day18Spec": 575.910483,
    "Day19Spec": 5485.5522120000005,
    "Day20Spec": 10843.271803,
    "Day21Spec": 7.080426,
    "Day22Spec": 40108.312242,
    "Day23Spec": 8951.091981,
    "Day24Spec": 6.1805270000000005,
    "Day25Spec": 55.915098,
    "_all": 151032.66380399998
}