{
    "Day01Spec": 20.082667,
    "Day02Spec": 78.687077,
    "Day03Spec": 99.51038199999999,
    "Day04Spec": 176.236816,
    "Day05Spec": 72.534864,
    "Day06Spec": 45405.323735000005,
    "Day07Spec": 15365.628552,
    "Day08Spec": 9.308777,
    "_all": 61227.31287000001
}