{
    "Day01Spec": 14.560257,
    "Day02Spec": 25.394185999999998,
    "Day03Spec": 24.109616,
    "Day04Spec": 47.411477999999995,
    "_all": 111.475537
}