{
    "Day01Spec": 6.524077,
    "Day02Spec": 100.392416,
    "Day03Spec": 162.614333,
    "Day04Spec": 277.721346,
    "Day05Spec": 66.577254,
    "Day06Spec": 1778.479436,
    "Day07Spec": 656.625151,
    "Day08Spec": 11.242906999999999,
    "Day09Spec": 193.101064,
    "Day10Spec": 46.996392,
    "Day11Spec": 1183.358062,
    "Day12Spec": 562.340237,
    "Day13Spec": 19.813054,
    "Day14Spec": 1662.919315,
    "Day15Spec": 60.222788,
    "Day16Spec": 482.183922,
    "Day17Spec": 9.505000000000001e-3,
    "Day18Spec": 237.68890399999998,
    "Day19Spec": 2364.8580890000003,
    "_all": 9873.668252
}