{
    "Day01Spec": 42.53518,
    "Day02Spec": 141.76376399999998,
    "Day03Spec": 232.088222,
    "Day04Spec": 334.72461899999996,
    "Day05Spec": 151.182162,
    "Day06Spec": 3255.040232,
    "Day07Spec": 826.5768519999999,
    "Day08Spec": 29.332476999999997,
    "Day09Spec": 344.896146,
    "Day10Spec": 76.30417399999999,
    "Day11Spec": 1194.586713,
    "Day12Spec": 933.749495,
    "Day13Spec": 61.294162,
    "_all": 7624.074197999999
}