{
    "Day01Spec": 29.535372000000002,
    "Day02Spec": 86.150103,
    "Day03Spec": 94.061089,
    "Day04Spec": 196.664041,
    "Day05Spec": 65.020776,
    "Day06Spec": 2626.253928,
    "Day07Spec": 597.572645,
    "Day08Spec": 23.45639,
    "Day09Spec": 182.344857,
    "Day10Spec": 40.495928,
    "Day11Spec": 963.206124,
    "Day12Spec": 594.410976,
    "Day13Spec": 32.357842,
    "Day14Spec": 2209.639036,
    "_all": 7741.169107
}