{
    "Day01Spec": 64.287173,
    "Day02Spec": 145.315145,
    "Day03Spec": 216.75227999999998,
    "Day04Spec": 295.887377,
    "Day05Spec": 187.951348,
    "Day06Spec": 3104.0527580000003,
    "Day07Spec": 877.791593,
    "Day08Spec": 48.022016,
    "Day09Spec": 283.282615,
    "Day10Spec": 101.594915,
    "Day11Spec": 1223.927659,
    "Day12Spec": 913.683831,
    "Day13Spec": 58.546946000000005,
    "Day14Spec": 18.080413999999998,
    "_all": 7539.17607
}