{
    "Day01Spec": 30.856375999999997,
    "Day02Spec": 141.994675,
    "Day03Spec": 191.665448,
    "Day04Spec": 318.513302,
    "Day05Spec": 74.098819,
    "Day06Spec": 3168.216724,
    "Day07Spec": 773.4857179999999,
    "Day08Spec": 20.511203000000002,
    "Day09Spec": 258.432092,
    "Day10Spec": 31.178724000000003,
    "Day11Spec": 1688.7953810000001,
    "Day12Spec": 1099.352657,
    "_all": 7797.101118999999
}