{
    "Day01Spec": 24.87706,
    "Day02Spec": 65.344814,
    "Day03Spec": 143.094379,
    "Day04Spec": 379.33477200000004,
    "Day05Spec": 73.398589,
    "Day06Spec": 3348.608796,
    "Day07Spec": 1116.018315,
    "Day08Spec": 20.189981,
    "Day09Spec": 214.05447600000002,
    "Day10Spec": 28.960856,
    "Day11Spec": 1692.083273,
    "Day12Spec": 1303.4271669999998,
    "Day13Spec": 34.250989,
    "Day14Spec": 2930.566644,
    "Day15Spec": 67.660282,
    "Day16Spec": 1580.63944,
    "Day17Spec": 1.2659e-2,
    "Day18Spec": 520.233024,
    "Day19Spec": 2576.819361,
    "Day20Spec": 4725.652555000001,
    "_all": 20845.227432000003
}