{
    "Day01Spec": 21.578859,
    "Day02Spec": 80.360434,
    "Day03Spec": 116.474698,
    "Day04Spec": 167.248213,
    "Day05Spec": 63.58092499999999,
    "Day06Spec": 5633.0666949999995,
    "Day07Spec": 420.123246,
    "Day08Spec": 7.078649,
    "_all": 6509.511719
}