{
    "Day01Spec": 15.023489999999999,
    "Day02Spec": 39.432753000000005,
    "Day03Spec": 198.423582,
    "Day04Spec": 164.65496399999998,
    "Day05Spec": 99.884275,
    "Day06Spec": 3086.348138,
    "Day07Spec": 661.342534,
    "Day08Spec": 10.282665999999999,
    "Day09Spec": 151.03627699999998,
    "Day10Spec": 21.22229,
    "Day11Spec": 1434.23415,
    "Day12Spec": 1030.2842190000001,
    "Day13Spec": 8.467495,
    "Day14Spec": 2225.384149,
    "Day15Spec": 54.98779,
    "Day16Spec": 1423.50916,
    "Day17Spec": 30918.946519,
    "Day18Spec": 441.68998899999997,
    "Day19Spec": 2309.354364,
    "Day20Spec": 5174.904054,
    "Day21Spec": 18.353324999999998,
    "Day22Spec": 21119.604113,
    "_all": 70607.370296
}