{
    "Day01Spec": 19.252641,
    "Day02Spec": 72.45414600000001,
    "Day03Spec": 139.136662,
    "Day04Spec": 282.04181800000003,
    "Day05Spec": 89.240298,
    "Day06Spec": 2613.792234,
    "Day07Spec": 750.654229,
    "Day08Spec": 13.500596,
    "Day09Spec": 108.121758,
    "Day10Spec": 23.694422000000003,
    "Day11Spec": 1266.60111,
    "Day12Spec": 751.5708420000001,
    "Day13Spec": 9.205225,
    "Day14Spec": 2139.639127,
    "Day15Spec": 67.684231,
    "Day16Spec": 947.861255,
    "Day17Spec": 24992.511992,
    "Day18Spec": 334.70348,
    "Day19Spec": 1998.800008,
    "Day20Spec": 3471.871184,
    "_all": 40092.33725799999
}