{
    "Day01Spec": 15.129196,
    "Day02Spec": 38.668974000000006,
    "Day03Spec": 44.922737999999995,
    "Day04Spec": 69.73182800000001,
    "_all": 168.45273600000002
}