{
    "Day01Spec": 20.771743,
    "Day02Spec": 40.636382,
    "Day03Spec": 85.992919,
    "Day04Spec": 170.73067600000002,
    "Day05Spec": 47.175208,
    "Day06Spec": 1298.16263,
    "Day07Spec": 266.052095,
    "Day08Spec": 10.231498,
    "Day09Spec": 98.17795,
    "Day10Spec": 29.699133,
    "Day11Spec": 520.736417,
    "Day12Spec": 499.811282,
    "_all": 3088.1779330000004
}