{
    "Day01Spec": 18.591739,
    "Day02Spec": 87.612173,
    "Day03Spec": 105.321032,
    "Day04Spec": 182.117501,
    "Day05Spec": 87.195588,
    "Day06Spec": 2083.3613,
    "Day07Spec": 429.792887,
    "Day08Spec": 8.130275000000001,
    "Day09Spec": 180.55943100000002,
    "Day10Spec": 33.410112,
    "_all": 3216.0920380000002
}