{
    "Day01Spec": 19.597485,
    "Day02Spec": 48.871278000000004,
    "Day03Spec": 79.765569,
    "Day04Spec": 165.279223,
    "Day05Spec": 42.765845,
    "Day06Spec": 1244.48043,
    "Day07Spec": 269.9296,
    "Day08Spec": 4.2511849999999995,
    "Day09Spec": 93.511595,
    "Day10Spec": 29.898726,
    "Day11Spec": 514.786799,
    "Day12Spec": 365.931231,
    "_all": 2879.068966
}