{
    "Day01Spec": 27.926504,
    "Day02Spec": 86.66968399999999,
    "Day03Spec": 96.128074,
    "Day04Spec": 230.071596,
    "Day05Spec": 67.749229,
    "Day06Spec": 2395.463353,
    "Day07Spec": 566.180877,
    "Day08Spec": 7.919378999999999,
    "Day09Spec": 227.431071,
    "Day10Spec": 53.982806999999994,
    "Day11Spec": 945.7560450000001,
    "Day12Spec": 529.320521,
    "Day13Spec": 17.15306,
    "Day14Spec": 2115.146612,
    "Day15Spec": 65.089286,
    "_all": 7431.988098
}