{
    "Day01Spec": 20.361412,
    "Day02Spec": 98.655824,
    "Day03Spec": 225.573868,
    "Day04Spec": 336.46321,
    "Day05Spec": 122.60358,
    "Day06Spec": 1679.48869,
    "Day07Spec": 624.4084379999999,
    "Day08Spec": 8.201141,
    "Day09Spec": 203.224919,
    "Day10Spec": 31.207881,
    "Day11Spec": 1222.477816,
    "Day12Spec": 840.611191,
    "Day13Spec": 33.963809,
    "Day14Spec": 1706.7108349999999,
    "Day15Spec": 99.453415,
    "Day16Spec": 493.17690200000004,
    "Day17Spec": 9.647000000000001e-3,
    "Day18Spec": 350.68946,
    "Day19Spec": 1513.9258,
    "_all": 9611.207837999998
}