{
    "Day01Spec": 26.450719999999997,
    "Day02Spec": 78.13245699999999,
    "Day03Spec": 112.933191,
    "Day04Spec": 180.063848,
    "Day05Spec": 73.54021,
    "Day06Spec": 51936.859812,
    "Day07Spec": 16187.825547,
    "Day08Spec": 6.739632,
    "_all": 68602.545417
}