{
    "Day01Spec": 21.970194,
    "Day02Spec": 90.88323299999999,
    "Day03Spec": 120.14670100000001,
    "Day04Spec": 170.83668699999998,
    "Day05Spec": 97.856638,
    "Day06Spec": 2252.24949,
    "Day07Spec": 440.68704099999997,
    "Day08Spec": 7.524747,
    "_all": 3202.154731
}