{
    "Day01Spec": 13.963985999999998,
    "Day02Spec": 176.079519,
    "Day03Spec": 114.967382,
    "Day04Spec": 358.177256,
    "Day05Spec": 92.447486,
    "Day06Spec": 7954.50021,
    "Day07Spec": 1079.870564,
    "Day08Spec": 7.685316,
    "Day09Spec": 221.041386,
    "Day10Spec": 16.089102,
    "Day11Spec": 2472.397657,
    "Day12Spec": 914.962957,
    "Day13Spec": 15.018264,
    "Day14Spec": 5561.510531999999,
    "Day15Spec": 75.35196400000001,
    "Day16Spec": 1942.4773599999999,
    "Day17Spec": 43956.524831,
    "Day18Spec": 396.903946,
    "Day19Spec": 4223.982855,
    "Day20Spec": 9165.851561000001,
    "Day21Spec": 11.074014,
    "Day22Spec": 31717.202382,
    "Day23Spec": 7446.748342000001,
    "Day24Spec": 6.161689,
    "Day25Spec": 27.859888,
    "_all": 117968.85044900002
}