{
    "Day01Spec": 20.950077999999998,
    "Day02Spec": 78.564752,
    "Day03Spec": 105.86227600000001,
    "Day04Spec": 168.594544,
    "Day05Spec": 80.02047400000001,
    "Day06Spec": 43667.086744,
    "Day07Spec": 467.48323400000004,
    "Day08Spec": 7.977482,
    "_all": 44596.539584
}