{
    "Day01Spec": 14.265801,
    "Day02Spec": 50.479633,
    "Day03Spec": 76.102591,
    "Day04Spec": 101.47707799999999,
    "Day05Spec": 58.687649,
    "Day06Spec": 1177.163936,
    "Day07Spec": 282.980145,
    "Day08Spec": 2.669238,
    "Day09Spec": 113.344939,
    "_all": 1877.17101
}