{
    "Day01Spec": 25.377755,
    "Day02Spec": 111.514724,
    "Day03Spec": 78.90011000000001,
    "Day04Spec": 349.190262,
    "Day05Spec": 80.844225,
    "Day06Spec": 4673.650018,
    "Day07Spec": 1184.495086,
    "Day08Spec": 11.477323,
    "Day09Spec": 206.06578100000002,
    "Day10Spec": 33.698951,
    "Day11Spec": 1731.561664,
    "Day12Spec": 1438.310538,
    "Day13Spec": 13.389935000000001,
    "Day14Spec": 3046.193294,
    "Day15Spec": 255.160983,
    "Day16Spec": 2171.515098,
    "Day17Spec": 27204.733802,
    "Day18Spec": 471.67873499999996,
    "Day19Spec": 3218.388942,
    "Day20Spec": 5895.117094,
    "Day21Spec": 37.32737,
    "_all": 52238.59169
}