{
    "Day01Spec": 20.99624,
    "Day02Spec": 127.650661,
    "Day03Spec": 229.056291,
    "Day04Spec": 541.742448,
    "Day05Spec": 111.604018,
    "Day06Spec": 10405.798535,
    "Day07Spec": 2079.485866,
    "Day08Spec": 12.260413999999999,
    "Day09Spec": 376.57052899999996,
    "Day10Spec": 38.615263999999996,
    "Day11Spec": 3492.986439,
    "Day12Spec": 2765.952218,
    "Day13Spec": 22.133696,
    "Day14Spec": 8003.013061,
    "Day15Spec": 149.25626499999998,
    "Day16Spec": 3488.4851550000003,
    "Day17Spec": 61437.655586999994,
    "Day18Spec": 678.493388,
    "Day19Spec": 6745.229744,
    "Day20Spec": 13863.332047,
    "Day21Spec": 73.68880200000001,
    "Day22Spec": 43000.498332,
    "Day23Spec": 9858.042623,
    "Day24Spec": 10.796077,
    "_all": 167533.3437
}