{
    "Day01Spec": 16.046817,
    "Day02Spec": 53.745419999999996,
    "Day03Spec": 70.970232,
    "Day04Spec": 102.47195500000001,
    "Day05Spec": 60.850977,
    "Day06Spec": 1090.6934959999999,
    "Day07Spec": 230.710423,
    "Day08Spec": 4.096379,
    "_all": 1629.585699
}