{
    "Day01Spec": 33.173239,
    "Day02Spec": 89.803021,
    "Day03Spec": 276.79198199999996,
    "Day04Spec": 333.044217,
    "Day05Spec": 98.184818,
    "Day06Spec": 8740.746901,
    "Day07Spec": 1572.946648,
    "Day08Spec": 8.831054,
    "Day09Spec": 224.196598,
    "Day10Spec": 16.727437000000002,
    "Day11Spec": 3183.552777,
    "Day12Spec": 1571.742023,
    "Day13Spec": 39.385817,
    "Day14Spec": 6342.080575,
    "Day15Spec": 328.279575,
    "Day16Spec": 2813.091528,
    "Day17Spec": 45051.413485,
    "Day18Spec": 408.893433,
    "Day19Spec": 4501.773055,
    "Day20Spec": 9771.214842000001,
    "Day21Spec": 33.877807,
    "Day22Spec": 36509.3425,
    "Day23Spec": 8596.554458999999,
    "Day24Spec": 3.343002,
    "_all": 130548.99079299999
}